chain,eid
Ape,30312
Arbitrum,30110
Arbitrum Nova,30175
Astar,30210
Astar zkEVM,30257
Avalanche,30106
Base,30184
Bevm,30317
Binance Smart Chain,30102
Bitlayer,30314
Blast,30243
Bob,30279
Canto,30159
Celo,30125
Codex,30323
Conflux eSpace,30212
Core Blockchain,30153
Cyber,30283
DOS Chain,30149
DeFi Kingdoms,30115
Degen,30267
Dexalot Subnet,30118
Dm2verse,30315
EBI,30282
Edu,30328
Ethereum,30101
Etherlink,30292
Fantom,30112
Flare,30295
Fraxtal,30255
Fuse,30138
Gnosis,30145
Gravity,30294
Harmony,30116
Hedera,30316
Hemi,30329
Homeverse,30265
Horizen EON,30215
Hubble,30182
Iota,30284
Japan Open Chain,30285
Kaia,30150
Kava,30177
Lightlink,30309
Linea,30183
Lisk,30321
Loot,30197
Lyra,30311
Manta,30217
Mantle,30181
Masa,30263
Meritcircle,30198
Merlin,30266
Meter,30176
Metis,30151
Mode,30260
Moonbeam,30126
Moonriver,30167
Morph,30322
Near Aurora,30211
OKXChain,30155
Optimism,30111
Orderly,30213
Peaq,30302
Polygon,30109
Polygon zkEVM,30158
Rari Chain,30235
Reya,30313
Sanko,30278
Scroll,30214
Sei,30280
Shimmer,30230
Skale,30273
Solana,30168
Superposition,30327
Taiko,30290
TelosEVM,30199
Tenet,30173
Tiltyard,30238
Tron,30420
Viction,30196
Worldchain,30319
X Layer,30274
XChain,30291
XPLA,30216
Xai,30236
Zircuit,30303
Zora,30195
inEVM,30234
opBNB,30202
re.al,30237
zkLink,30301
zkSync Era,30165